"strand","align_position","score","region","enhancer_func","species","raw_position","raw_seq","before_seq","after_seq","TFBS_called"
"negative",1012,7.35116052627563,"VT15159",1,"MEMB002A",798,"TAATCT","AAATCA","ACAAAA","yes"
"negative",1012,7.35116052627563,"VT15159",1,"MEMB002B",762,"TAATCT","AAATTA","ACAAAG","yes"
"negative",1012,-0.29989105463028,"VT15159",1,"MEMB002C",799,"TCATCT","AAATCA","ATTCAT","no"
"negative",1012,-0.436741918325424,"VT15159",1,"MEMB002D",763,"TACTCT","AAATTA","TAAAAT","no"
"negative",1012,-0.436741918325424,"VT15159",1,"MEMB002E",767,"TACTCT","ATATTA","TAAAAT","no"
"negative",1012,-8.15784072875977,"VT15159",1,"MEMB002F",745,"TACCCT","AAATCA","ACAAAA","no"
"negative",1012,3.82492566108704,"VT15159",1,"MEMB003A",833,"TACTCC","AAATCA","ATAAAA","no"
"negative",1012,-0.436741918325424,"VT15159",1,"MEMB003B",834,"TACTCT","TTACCA","TACAAA","no"
"negative",1012,-0.29989105463028,"VT15159",1,"MEMB003C",799,"TCATCT","AAATCA","ATTCAT","no"
"negative",1012,-0.436741918325424,"VT15159",1,"MEMB003D",836,"TACTCT","AAATCA","ATAAAA","no"
"negative",1012,-0.436741918325424,"VT15159",1,"MEMB003F",738,"TACTCT","ATATGA","TCAAAA","no"
"negative",1012,7.35116052627563,"VT15159",1,"MEMB004A",762,"TAATCT","AAATTA","ACAAAA","yes"
"negative",1012,-0.436741918325424,"VT15159",1,"MEMB004B",733,"TACTCT","ATTTCA","ATAAAG","no"
"negative",1012,-26.9923801422119,"VT15159",1,"MEMB004E",718,"CTCAAT","ATATTA","AAAACA","no"
"negative",1012,-15.945743560791,"VT15159",1,"MEMB005B",751,"TATGTA","GTTTCA","CGAAAG","no"
"negative",1012,-0.436741918325424,"VT15159",1,"MEMB005D",797,"TACTCT","AAATCA","ACAAAA","no"
"negative",1012,-0.436741918325424,"VT15159",1,"MEMB006A",783,"TACTCT","AAATCA","ACAAAA","no"
"negative",1012,-8.15784072875977,"VT15159",1,"MEMB006B",814,"TACACT","TTATCA","TAAAAA","no"
"negative",1012,-0.436741918325424,"VT15159",1,"MEMB006C",758,"TACTCT","TTACAA","ACAAAA","no"
"negative",1012,7.35116052627563,"VT15159",1,"MEMB007B",782,"TAATCT","AAATCA","ATAAAA","yes"
"negative",1012,-0.436741918325424,"VT15159",1,"MEMB007C",784,"TACTCT","TTACCA","TAAAAA","no"
"negative",1012,-0.436741918325424,"VT15159",1,"MEMB007D",838,"TACTCT","AAATCA","ACAAAA","no"
"negative",1012,-0.436741918325424,"VT15159",1,"MEMB008C",738,"TACTCT","TTAAGA","ACAAAA","no"
"negative",1012,-0.436741918325424,"VT15159",1,"dkik",823,"TACTCT","AAATCA","ATAATA","no"
